first_name,last_name,email,car_make,car_model,vin,manufactured_date,age_of_vehicle
John,Doe,john@example.com,Toyota,Corolla,1HGCM82633A123456,2015-06-01,10
Bob,Brown,bob@example.com,Honda,Civic,2HGES16555H123456,2012-11-15,13
Jane,Smith,jane@example.com,Honda,Civic,2HGFB2F5XCH123456,1970-01-01,55
Alice,Johnson,alice@example.com,Ford,Focus,3FAHP0HA6AR123456,1970-01-01,55
John,Doe,john@example.com,Toyota,Corolla,1HGCM82633A1,1970-01-01,55
Alice,Johnson,alice@example.com,Ford,Focus,3FAHP0HA6AR123456,1970-01-01,55
Juliya,Doe,juliya@example.com,Toyota,Corolla,1HGCM82633A123456,1970-01-01,55
Kumar,Smith,kumar@gmail.com,Honda,Civic,2HGFB2F5XCH123456,1970-01-01,55
Jani,Smith,jani@example.com,Honda,Civic,2HGFB2F5XCH123456,1970-01-01,55
Alice,Johnson,alice@example.com,Ford,Focus,3FAHP0HA6AR123456,1970-01-01,55
John,Doe,john@example.com,Toyota,Corolla,1HGCM82633A123456,1970-01-01,55
Wolly,Smith,wolly@example.com,Honda,Civic,2HGFB2F5XCH123456,1970-01-01,55
Alice,Johnson,alice@example.com,Ford,Focus,3FAHP0HA6AR123456,1970-01-01,55
Amy,Robinson,blakeerik@yahoo.com,Ramirez-Lewis,Source,wwM51161qZc,2003-01-01,22
Jessica,Herrera,arnoldmaria@hotmail.com,Ray-Bush,Answer,yrD34131Oxk,2000-01-01,25
Mitchell,Clark,lynchgeorge@hotmail.com,Martin Group,Expect,cZu83503zre,2008-01-01,17
Jason,Hahn,dianafoster@hotmail.com,Thomas-Taylor,Size,Lzx88496oiG,2007-01-01,18
Trevor,Campos,courtneyconner@carlson-cruz.org,Rice-Maddox,Traditional,hsB01845kDa,2007-01-01,18
Stephanie,Liu,williamrodriguez@hotmail.com,Skinner-Romero,Decide,aMu25288Fbh,2004-01-01,21
Sarah,Koch,brianhumphrey@gmail.com,Dennis Inc,Soon,kqH82278MBn,2003-01-01,22
John,Lee,robertramirez@gmail.com,Ramos PLC,Billion,kAF08013Enz,2002-01-01,23
Brian,Romero,larsonemma@powell.com,"Wheeler, Harvey and Barnes",Past,QTu98543pqz,2013-01-01,12
David,Brewer,sarah10@yahoo.com,"Murillo, Ferrell and Jones",Different,pxs84251kCI,2001-01-01,24
Jade,Carr,sarah12@wilson-rodriguez.net,Nelson PLC,Develop,qdf53487OBr,2000-01-01,25
Bradley,Cook,evan78@patterson.com,"Johnson, Wood and Tran",Law,wnR20450pQg,2002-01-01,23
Michael,Castro,sarayoung@gmail.com,Keith Inc,Country,YSg56342ycE,2006-01-01,19
Russell,Carpenter,rramos@gmail.com,"Kennedy, Santana and Flynn",Condition,fWp14895Rto,2000-01-01,25
April,Williams,bryantlaurie@schmidt.info,"Briggs, Mcclain and Simmons",What,qWp87277OrX,2006-01-01,19
Eric,Thompson,umarshall@hotmail.com,Morris-Sanchez,Worry,KNQ14737yvb,2014-01-01,11
Leslie,Newton,javierwashington@lawrence.com,Phillips LLC,Country,cdJ40824sSi,2000-01-01,25
Dana,Mullins,andrewstaylor@peterson-sheppard.com,Wilson-Jones,Million,ZKt19022fph,2005-01-01,20
Ricky,Norris,antonio44@hotmail.com,Jones-Hall,Everything,oPj93618rje,2013-01-01,12
Brian,Sparks,smartinez@yahoo.com,"Powell, Nelson and Fernandez",Left,Mqb19065foR,2010-01-01,15
Mary,Johnston,barbara27@pearson.org,Walters-Vasquez,Benefit,Qgk75655vAS,2008-01-01,17
Tyler,Bates,gibsonleonard@yahoo.com,Cordova Group,Treatment,dmH80876xNW,2004-01-01,21
Vernon,Ramos,josephanderson@kim-wolfe.com,Dudley PLC,Successful,JAf32480ohD,2006-01-01,19
Stacey,Holland,scantu@thornton.info,Bryant and Sons,Identify,rXY39821AvY,2010-01-01,15
William,Hoover,mary97@gmail.com,Ryan-Reed,Old,SpK86753yoX,2003-01-01,22
Robert,Flores,qhughes@hotmail.com,Simpson Inc,Card,gHD89517aUj,2002-01-01,23
Robert,Pena,harrisontanya@hanson-sanders.com,Phelps-Villarreal,Husband,epO57809Rso,2012-01-01,13
Julie,Hamilton,wallaceheather@williams.com,Brooks-Thomas,Nice,fNy69222NRp,2003-01-01,22
John,Armstrong,andrew64@gmail.com,"Grimes, Osborne and Beltran",Whether,Zwo97439OmN,2011-01-01,14
Amy,Robinson,blakeerik@yahoo.com,Ramirez-Lewis,Source,wwM51161qZc,2003-01-01,22
Mitchell,Clark,lynchgeorge@hotmail.com,Martin Group,Expect,cZu83503zre,2008-01-01,17
Stephanie,Liu,williamrodriguez@hotmail.com,Skinner-Romero,Decide,aMu25288Fbh,2004-01-01,21
Sarah,Koch,brianhumphrey@gmail.com,Dennis Inc,Soon,kqH82278MBn,2003-01-01,22
John,Lee,robertramirez@gmail.com,Ramos PLC,Billion,kAF08013Enz,2002-01-01,23
Brian,Romero,larsonemma@powell.com,"Wheeler, Harvey and Barnes",Past,QTu98543pqz,2013-01-01,12
Jade,Carr,sarah12@wilson-rodriguez.net,Nelson PLC,Develop,qdf53487OBr,2000-01-01,25
Bradley,Cook,evan78@patterson.com,"Johnson, Wood and Tran",Law,wnR20450pQg,2002-01-01,23
Michael,Castro,sarayoung@gmail.com,Keith Inc,Country,YSg56342ycE,2006-01-01,19
Jeffrey,Velasquez,kevin33@gmail.com,"Lee, Murphy and Lin",Spring,vbh45868qlL,2007-01-01,18
Danny,Gould,katie29@hotmail.com,"Higgins, Strickland and Martin",Foreign,Ryz19049Tme,2013-01-01,12
Brittany,Rivas,terrykevin@burke.com,Patel-Stanley,Authority,gBx85067ODT,2007-01-01,18
Jennifer,West,phillipsrichard@torres.com,Tran-Cooper,Skill,tqo85574hUm,2008-01-01,17
Leslie,Newton,javierwashington@lawrence.com,Phillips LLC,Country,cdJ40824sSi,2000-01-01,25
Ricky,Norris,antonio44@hotmail.com,Jones-Hall,Everything,oPj93618rje,2013-01-01,12
Brian,Sparks,smartinez@yahoo.com,"Powell, Nelson and Fernandez",Left,Mqb19065foR,2010-01-01,15
Mary,Johnston,barbara27@pearson.org,Walters-Vasquez,Benefit,Qgk75655vAS,2008-01-01,17
Vernon,Ramos,josephanderson@kim-wolfe.com,Dudley PLC,Successful,JAf32480ohD,2006-01-01,19
Wiyana,Holland,wiyana@gmail.com,Bryant and Sons,Identify,rXY39821AvY,2010-01-01,15
Yelina,Anne,anne@gmail.com,Honda,Prado,RTY0999,2013-10-12,12
Tyler,Aguilar,dlittle@estrada-nolan.info,Byrd-Moore,Letter,Dtm59464yEg,2011-01-01,14
Tammy,Phillips,mcdonaldcharles@gmail.com,"Ramsey, Whitney and Coffey",Summer,qIh85160DxR,2008-01-01,17
Jane,Smith,jane@example.com,Honda,Civic,2HGFB2F5XCH123456,1970-01-01,55
Alice,Johnson,alice@example.com,Ford,Focus,3FAHP0HA6AR123456,1970-01-01,55
John,Doe,john@example.com,Toyota,Corolla,1HGCM82633A123456,1970-01-01,55
Jane,Smith,jane@example.com,Honda,Civic,2HGFB2F5XCH123456,1970-01-01,55
Alice,Johnson,alice@example.com,Ford,Focus,3FAHP0HA6AR123456,1970-01-01,55
John,Doe,john@example.com,Toyota,Corolla,1HGCM82633A123456,1970-01-01,55
Alice,Johnson,alice@example.com,Ford,Focus,3FAHP0HA6AR123456,1970-01-01,55
pavindu,Eranga,pavindy@gmail.com,Toyota,Corolla,1HGCM82633A123456,1970-01-01,55
Nadeesha,Fernando,nadeesha@gmail.com,Suzuki,Alto,3N8NBFR08CFG8CCGE,2013-01-01,12
Kavindu,Gunawardena,kavindugunawardena@gmail.com,Kia,Sportage,T00AEG7JGN56U0Q8Q,2007-01-01,18
Sajini,Silva,sajinisilva@gmail.com,Honda,Civic,23QN7MPVV486PI5NN,2006-01-01,19
Dinuka,Wijesinghe,dinukawijesinghe@gmail.com,Honda,Civic,LJ2XYT6HAY3HBS162,2009-01-01,16
Tharindu,Bandara,tharindubandara@gmail.com,Toyota,Corolla,TOAXDYY1913MXY0CU,2005-01-01,20
Sahan,Wickramasinghe,sahanwickramasinghe@gmail.com,Toyota,Corolla,H35WBWKKVCO3ND39W,2011-01-01,14
Pavithra,Ratnayake,pavithraratnayake@gmail.com,Mitsubishi,Lancer,IHW45PNFYHBPEF3BN,2008-01-01,17
Ravindu,Dissanayake,ravindudissanayake@gmail.com,Toyota,Corolla,PTC5GVU0F5LW9UMGJ,2006-01-01,19
Imasha,Karunaratne,imashakarunaratne@gmail.com,Perodua,Axia,BN45CCTYZ9T27HS2D,2015-01-01,10
Lakshan,Weerasinghe,lakshanweerasinghe@gmail.com,Nissan,Leaf,LQ3ZV8HL3XANF9FQ6,2013-01-01,12
Madushan,Abeysekera,madushan@gmail.com,Perodua,Axia,TSJOPXGIT315EVLP0,2015-01-01,10
Nimasha,Jayawardena,nimashajayawardena@gmail.com,Hyundai,Elantra,K81FQ8F07N2ZP7FIC,2007-01-01,18
Viraj,Samarasinghe,virajsamarasinghe@gmail.com,Proton,Saga,HRMQ0B6F962RS25HV,2007-01-01,18
